{"bubble_node": [0, 1, 2, 3, 7, 9], "room_location": [[135.38177490234375, 153.25318908691406], [190.0, 100.0], [70.0, 131.5], [143.5, 90.0], [107.5, 98.5], [218.0, 156.5]], "bubble_edge": [[0, 5], [-1, 2], [3, 0], [0, 4], [4, 3], [4, 2], [3, 1], [2, 0], [0, -1], [0, 1], [1, 5], [-1, 4], [5, -1], [1, -1], [3, -1]], "dual_node": [[28, 148], [28, 165], [53, 115], [53, 148], [87, 72], [87, 115], [87, 125], [87, 148], [87, 165], [87, 185], [128, 72], [128, 108], [128, 125], [159, 72], [159, 108], [159, 128], [207, 128], [207, 185], [221, 72], [221, 128], [229, 128], [229, 185]], "dual_degree": [2.0, 2.0, 2.0, 3.0, 2.0, 3.0, 3.0, 2.0, 2.0, 2.0, 3.0, 3.0, 2.0, 3.0, 3.0, 2.0, 3.0, 3.0, 2.0, 3.0, 2.0, 2.0], "gt_edge": [[1, 8, 0, 39], [8, 9, 0, 40], [9, 17, 0, 41], [17, 16, 0, 38], [16, 15, 0, 14], [15, 14, 0, 13], [14, 11, 0, 24], [11, 12, 0, 30], [12, 6, 0, 29], [6, 7, 0, 20], [7, 3, 0, 19], [3, 0, 0, 42], [0, 1, 0, 43], [14, 15, 1, 5], [15, 16, 1, 4], [16, 19, 1, 37], [19, 18, 1, 44], [18, 13, 1, 45], [13, 14, 1, 25], [3, 7, 2, 10], [7, 6, 2, 9], [6, 5, 2, 28], [5, 2, 2, 46], [2, 3, 2, 47], [11, 14, 3, 6], [14, 13, 3, 18], [13, 10, 3, 48], [10, 11, 3, 31], [5, 6, 4, 21], [6, 12, 4, 8], [12, 11, 4, 7], [11, 10, 4, 27], [10, 4, 4, 49], [4, 5, 4, 50], [17, 21, 5, 51], [21, 20, 5, 52], [20, 19, 5, 53], [19, 16, 5, 15], [16, 17, 5, 3], [8, 1, -1, 0], [9, 8, -1, 1], [17, 9, -1, 2], [0, 3, -1, 11], [1, 0, -1, 12], [18, 19, -1, 16], [13, 18, -1, 17], [2, 5, -1, 22], [3, 2, -1, 23], [10, 13, -1, 26], [4, 10, -1, 32], [5, 4, -1, 33], [21, 17, -1, 34], [20, 21, -1, 35], [19, 20, -1, 36]], "dual_edge": [[17, 16], [16, 17], [3, 2, 5], [5, 2, 3], [11, 14], [14, 11], [11, 12, 6], [6, 12, 11], [11, 10], [10, 11], [5, 6], [6, 5], [14, 13], [13, 14], [3, 7, 6], [6, 7, 3], [3, 0, 1, 8, 9, 17], [17, 9, 8, 1, 0, 3], [16, 15, 14], [14, 15, 16], [16, 19], [19, 16], [5, 4, 10], [10, 4, 5], [17, 21, 20, 19], [19, 20, 21, 17], [19, 18, 13], [13, 18, 19], [13, 10], [10, 13]], "dual_edge_in_out": [0.0, 0.0, 1.0, 0.0, 0.0, 0.0, 0.0, 0.0, 0.0, 0.0, 0.0, 0.0, 0.0, 0.0, 0.0, 0.0, 0.0, 1.0, 0.0, 0.0, 0.0, 0.0, 1.0, 0.0, 0.0, 1.0, 0.0, 1.0, 0.0, 1.0], "conbinal_embedding": [[1, 8, 9, 17, 16, 15, 14, 11, 12, 6, 7, 3, 0], [14, 15, 16, 19, 18, 13], [3, 7, 6, 5, 2], [11, 14, 13, 10], [5, 6, 12, 11, 10, 4], [17, 21, 20, 19, 16], [8, 1, 0, 3, 2, 5, 4, 10, 13, 18, 19, 20, 21, 17, 9]]}