{"bubble_node": [0, 1, 2, 3, 5, 7, 9], "room_location": [[99.27072143554688, 130.23988342285156], [165.5, 179.0], [67.5, 58.5], [64.5, 87.5], [165.5, 124.0], [165.5, 73.5], [201.5, 179.0]], "bubble_edge": [[0, 1], [2, 3], [3, -1], [-1, 2], [3, 0], [0, -1], [0, 4], [5, 4], [5, -1], [-1, 4], [5, 0], [0, -1], [-1, 6], [6, 1], [1, 4], [-1, 1], [2, 0]], "dual_node": [[50, 44], [50, 73], [56, 73], [56, 102], [56, 201], [73, 73], [73, 102], [85, 44], [85, 73], [119, 201], [119, 213], [135, 44], [135, 103], [135, 145], [135, 213], [196, 44], [196, 103], [196, 145], [196, 213], [207, 145], [207, 213]], "dual_degree": [2.0, 2.0, 3.0, 3.0, 2.0, 3.0, 2.0, 3.0, 2.0, 2.0, 2.0, 3.0, 3.0, 3.0, 3.0, 2.0, 3.0, 4.0, 3.0, 2.0, 2.0], "gt_edge": [[4, 9, 0, 38], [9, 10, 0, 39], [10, 14, 0, 40], [14, 13, 0, 15], [13, 12, 0, 29], [12, 11, 0, 33], [11, 7, 0, 41], [7, 8, 0, 19], [8, 5, 0, 18], [5, 6, 0, 23], [6, 3, 0, 22], [3, 4, 0, 42], [14, 18, 1, 43], [18, 17, 1, 37], [17, 13, 1, 26], [13, 14, 1, 3], [1, 2, 2, 44], [2, 5, 2, 24], [5, 8, 2, 8], [8, 7, 2, 7], [7, 0, 2, 45], [0, 1, 2, 46], [3, 6, 3, 10], [6, 5, 3, 9], [5, 2, 3, 17], [2, 3, 3, 47], [13, 17, 4, 14], [17, 16, 4, 48], [16, 12, 4, 30], [12, 13, 4, 4], [12, 16, 5, 28], [16, 15, 5, 49], [15, 11, 5, 50], [11, 12, 5, 5], [18, 20, 6, 51], [20, 19, 6, 52], [19, 17, 6, 53], [17, 18, 6, 13], [9, 4, -1, 0], [10, 9, -1, 1], [14, 10, -1, 2], [7, 11, -1, 6], [4, 3, -1, 11], [18, 14, -1, 12], [2, 1, -1, 16], [0, 7, -1, 20], [1, 0, -1, 21], [3, 2, -1, 25], [16, 17, -1, 27], [15, 16, -1, 31], [11, 15, -1, 32], [20, 18, -1, 34], [19, 20, -1, 35], [17, 19, -1, 36]], "dual_edge": [[14, 13], [13, 14], [2, 5], [5, 2], [2, 3], [3, 2], [2, 1, 0, 7], [7, 0, 1, 2], [3, 6, 5], [5, 6, 3], [3, 4, 9, 10, 14], [14, 10, 9, 4, 3], [13, 12], [12, 13], [12, 16], [16, 12], [16, 15, 11], [11, 15, 16], [16, 17], [17, 16], [11, 12], [12, 11], [11, 7], [7, 11], [17, 19, 20, 18], [18, 20, 19, 17], [17, 18], [18, 17], [17, 13], [13, 17], [18, 14], [14, 18], [5, 8, 7], [7, 8, 5]], "dual_edge_in_out": [0.0, 0.0, 0.0, 0.0, 0.0, 1.0, 1.0, 0.0, 0.0, 0.0, 0.0, 1.0, 0.0, 0.0, 0.0, 0.0, 0.0, 1.0, 1.0, 0.0, 0.0, 0.0, 0.0, 1.0, 1.0, 0.0, 0.0, 0.0, 0.0, 0.0, 1.0, 0.0, 0.0, 0.0], "conbinal_embedding": [[4, 9, 10, 14, 13, 12, 11, 7, 8, 5, 6, 3], [14, 18, 17, 13], [1, 2, 5, 8, 7, 0], [3, 6, 5, 2], [13, 17, 16, 12], [12, 16, 15, 11], [18, 20, 19, 17], [9, 4, 3, 2, 1, 0, 7, 11, 15, 16, 17, 19, 20, 18, 14, 10]]}